{"cameraMode":{"drawMode":0,"name":"Shaded","section":"Shading Mode"},"sceneLighting":true,"audioPlay":false,"sceneViewState":{"showFog":false,"showMaterialUpdate":false,"showSkybox":false,"showFlares":false,"showImageEffects":false,"showParticleSystems":false},"in2DMode":false,"pivot":{"x":74.06982421875,"y":3.901742935180664,"z":-49.949459075927737},"rotation":{"x":-0.31221020221710207,"y":0.29449576139450076,"z":-0.10245879739522934,"w":-0.8973924517631531},"size":15.139521598815918,"orthographic":false}